negara,nilai_usd,tahun,yoy_pct
Afghanistan,937644.94,2023,
Albania,8453196.98,2023,
Algeria,240611255.92,2023,
American Samoa,1476483.47,2023,
Andorra,2022.41,2023,
Angola,88592109.63,2023,
Antartica,38571.78,2023,
Antigua And Barbuda,65237.66,2023,
Argentina,9905282.19,2023,
Armenia,6578627.23,2023,
Aruba,990906.0800000001,2023,
Australia,362940034.82,2023,
Austria,2100760.56,2023,
Azerbaijan,1303774.16,2023,
Bahamas,89.6,2023,
Bahrain,8650529.03,2023,
Bangladesh,1253696753.48,2023,
Barbados,598551.4,2023,
Belarus,2247110.54,2023,
Belgium,125333761.7,2023,
Belize,0.0,2023,
Benin,189791024.1,2023,
Bermuda,0.0,2023,
Bhutan,13537.04,2023,
Bolivia,859557.5,2023,
Bosnia And Herzegovina,608067.6,2023,
Botswana,0.0,2023,
Brazil,350901394.28000003,2023,
Brunei Darussalam,23634729.99,2023,
Bulgaria,15034974.59,2023,
Burkina Faso,9794494.0,2023,
Cambodia,324191263.42,2023,
Cameroon,48486714.07,2023,
Canada,146073139.65,2023,
Cape Verde,168985.55,2023,
Cayman Islands,1626.17,2023,
Central African Republic,14194.07,2023,
Chad,89812.0,2023,
Chile,29349118.0,2023,
China,9834093272.86,2023,
Christmas Islands,8406.83,2023,
Colombia,6538414.609999999,2023,
Comoros,2030183.22,2023,
Congo,68846254.98,2023,
Cook Islands,135339.3,2023,
Costa Rica,8679960.2,2023,
Cote Divoire,77816121.85000001,2023,
Croatia,60234549.78,2023,
Cuba,670642.97,2023,
Curacao,0.0,2023,
Cyprus,2772172.97,2023,
Czech Republic,3168898.5999999996,2023,
Democratic Rep. Of The Congo,10018588.46,2023,
Denmark,24773616.37,2023,
Djibouti,365483689.19,2023,
Dominica,250011.11000000002,2023,
Dominican Republic,44039914.92,2023,
East Timor,127105392.19,2023,
Ecuador,5154498.42,2023,
Egypt,968920846.8199999,2023,
El Salvador,42665.0,2023,
Equatorial Guinea,9322181.75,2023,
Eritrea,0.0,2023,
Estonia,354511381.29999995,2023,
Ethiopia,1344365.26,2023,
Fiji,10641031.280000001,2023,
Finland,23453389.93,2023,
France,96104587.14,2023,
French Polynesia,294403.32,2023,
Gabon,3375221.69,2023,
Gambia,52996732.35,2023,
Georgia,70188664.88,2023,
Germany Fed. Rep. Of,246620045.56,2023,
Ghana,73176974.96000001,2023,
Greece,123643017.11999999,2023,
Grenada,390112.16,2023,
Guadeloupe,1887630.0,2023,
Guam,220028.48,2023,
Guatemala,5177183.38,2023,
Guinea,91426648.08,2023,
Guinea Bissau,971832.1,2023,
Guyana,1561191.67,2023,
Haiti,129119526.98,2023,
Honduras,25071581.409999996,2023,
Hong Kong,334728373.81,2023,
Hungary,4335616.73,2023,
Iceland,910247.42,2023,
India,5026661670.93,2023,
Iran (Islamic Republic Of),83096571.74000001,2023,
Iraq,98944755.31,2023,
Ireland,4117481.99,2023,
Israel,65630956.82,2023,
Italy,781754888.71,2023,
Jamaica,6353022.51,2023,
Japan,1639118106.51,2023,
Jordan,51805335.49,2023,
Kazakhstan,9786911.989999998,2023,
Kenya,304261007.71,2023,
Kiribati,1831507.74,2023,
Korea Republic Of,772453103.7,2023,
Kosovo,0.0,2023,
Kuwait,21526339.0,2023,
Kyrgyzstan,920807.27,2023,
Lao Peoples Dem. Rep.,445381.65,2023,
Latvia,33479173.01,2023,
Lebanon,30111068.74,2023,
Liberia,25092213.71,2023,
Libyan Arab Jamahiriya,17256831.51,2023,
Lithuania,9124042.05,2023,
Luxembourg,13867.0,2023,
Macau,825123.77,2023,
Madagascar,8294315.42,2023,
Malawi,253159.5,2023,
Malaysia,2315065254.57,2023,
Maldives,9361968.29,2023,
Mali,814327.2,2023,
Malta,9708466.700000001,2023,
Marshall Islands,3035238.6299999994,2023,
Martinique,1435909.64,2023,
Mauritania,129492082.62,2023,
Mauritius,15934598.030000001,2023,
Mayotte,757800.0900000001,2023,
Mexico,119203958.76,2023,
Micronesia Fed. States Of,640220.46,2023,
Moldova Republic Of,454114.0,2023,
Mongolia,890395.1000000001,2023,
Montenegro,1410764.43,2023,
Morocco,64469300.35,2023,
Mozambique,69536126.64999999,2023,
Myanmar,567989961.81,2023,
Namibia,724053.9,2023,
Nauru,316215.4,2023,
Nepal,7184761.1,2023,
Netherlands,1127282607.75,2023,
Netherlands Antilles,0.0,2023,
New Caledonia,920164.54,2023,
New Zealand,241114611.8,2023,
Nicaragua,7103174.94,2023,
Niger,7337555.2,2023,
Nigeria,225772510.69,2023,
Northern Mariana Islands,181875.3,2023,
Norway,3985526.74,2023,
Oman,174258723.97,2023,
Pakistan,2258698772.07,2023,
Palau,69381.75,2023,
Palestina,2251541.95,2023,
Panama,4148523.81,2023,
Papua New Guinea,76835044.49,2023,
Paraguay,11501527.45,2023,
Peru,21335396.27,2023,
Philippines,1860025618.49,2023,
Poland,38084070.41,2023,
Portugal,23513562.25,2023,
Puerto Rico,18197501.65,2023,
Qatar,9650691.73,2023,
Rep. Of Macedonia,1340675.6300000001,2023,
Reunion,3838205.3,2023,
Romania,21516147.64,2023,
Russia Federation,714986972.3499999,2023,
Rwanda,219949.64,2023,
Saint Kitts And Nevis,22140.72,2023,
Saint Lucia,547919.71,2023,
Saint Vincent And The Grenadines,102704.35,2023,
Samoa,6857461.11,2023,
San Marino,0.0,2023,
Sao Tome And Principe,843899.49,2023,
Saudi Arabia,673423613.04,2023,
Senegal,169629066.60999998,2023,
Serbia,5924177.17,2023,
Seychelles,1423929.9999999998,2023,
Sierra Leone,6127126.08,2023,
Singapore,846992000.8,2023,
Sint Maarten (Dutch Part),0.0,2023,
Slovakia,445495.25,2023,
Slovenia,2538593.12,2023,
Solomon Islands,13855881.260000002,2023,
Somalia,37060009.44,2023,
South Africa,418527098.62,2023,
South Sudan,0.0,2023,
Spain,864909467.55,2023,
Sri Lanka,119036734.26,2023,
Sudan,41969853.18000001,2023,
Suriname,2184505.9,2023,
Swaziland,17508.53,2023,
Sweden,55225189.53,2023,
Switzerland,8141780.840000001,2023,
Syria Arab Republic,8662030.2,2023,
Taiwan,323848246.98,2023,
Tajikistan,495547.0,2023,
Tanzania United Rep. Of,197161234.35999998,2023,
Thailand,712359868.06,2023,
Togo,134891413.78,2023,
Tonga,4320725.649999999,2023,
Trinidad And Tobago,5645696.61,2023,
Tunisia,58276801.1,2023,
Turkey,310758000.5,2023,
Turkmenistan,1253854.23,2023,
Tuvalu,50449.3,2023,
U.S. Virgin Islands,40000.0,2023,
Uganda,1312405.95,2023,
Ukraine,4699085.35,2023,
United Arab Emirates,414469744.13,2023,
United Kingdom,185214243.98000002,2023,
United States,4947219597.33,2023,
Uruguay,6810177.86,2023,
Uzbekistan,12953797.63,2023,
Vanuatu,2905122.92,2023,
Venezuela,457041.1,2023,
Viet Nam,1489389423.65,2023,
Virgin Islands (British),29940.0,2023,
Yemen,110212140.68,2023,
Zambia,412075.84,2023,
Zimbabwe,3841408.32,2023,
Afghanistan,1976267.5499999998,2024,110.7692865062547
Albania,10370381.37,2024,22.679991895799862
Algeria,249205600.23000002,2024,3.5718795769294918
American Samoa,2713998.6,2024,83.81503451576063
Andorra,0.0,2024,-100.0
Angola,100605786.58,2024,13.560662456481118
Antartica,0.0,2024,-100.0
Antigua And Barbuda,245451.58,2024,276.2421582870998
Argentina,13420107.0,2024,35.4843480738836
Armenia,7286748.49,2024,10.763966937825716
Aruba,750541.0,2024,-24.25710012799599
Australia,483775689.53,2024,33.29355902275382
Austria,1374500.61,2024,-34.57128641067024
Azerbaijan,1177069.43,2024,-9.718303513547161
Bahamas,62601.6,2024,69767.85714285714
Bahrain,10361697.95,2024,19.781089850871236
Bangladesh,1044320221.0300001,2024,-16.70073180526427
Barbados,495792.25,2024,-17.167974212406826
Belarus,3923511.64,2024,74.60252044387634
Belgium,209538930.57,2024,67.18474553692421
Belize,251353.16,2024,
Benin,26097336.28,2024,-86.24943597635605
Bermuda,0.0,2024,
Bhutan,190983.66,2024,1310.8228977679018
Bolivia,1609389.75,2024,87.23468179848352
Bosnia And Herzegovina,830001.26,2024,36.49818868823138
Botswana,0.0,2024,
Brazil,507564212.56,2024,44.64582382223071
Brunei Darussalam,24447901.400000002,2024,3.4405783791228495
Bulgaria,11744153.66,2024,-21.88777181032801
Burkina Faso,8226157.710000001,2024,-16.01242790081855
Cambodia,318255941.29,2024,-1.8308087847236643
Cameroon,35012940.47,2024,-27.788588809190056
Canada,220173765.64,2024,50.728440675369555
Cape Verde,284397.93,2024,68.29718872412465
Cayman Islands,209.33,2024,-87.12742210224023
Central African Republic,130931.44,2024,822.4376095087596
Chad,40120.0,2024,-55.328909277156725
Chile,32060921.919999998,2024,9.239814020986929
China,8577013771.94,2024,-12.782871445700767
Christmas Islands,3491.3700000000003,2024,-58.46983940438905
Colombia,8017691.7,2024,22.62440022903352
Comoros,2073823.55,2024,2.1495759382741855
Congo,86984894.86,2024,26.34658905596145
Cook Islands,141132.67,2024,4.280626543805107
Costa Rica,5964507.34,2024,-31.28416257023851
Cote Divoire,90862785.83,2024,16.766016694007206
Croatia,53503067.5,2024,-11.175450475824908
Cuba,497523.3,2024,-25.813984153147835
Curacao,44360.84,2024,
Cyprus,3125245.93,2024,12.73632503530254
Czech Republic,4043992.4899999998,2024,27.61508020483837
Democratic Rep. Of The Congo,11848772.37,2024,18.2678819207631
Denmark,57890930.699999996,2024,133.67977381818153
Djibouti,260703053.69000003,2024,-28.669031915547073
Dominica,473493.1,2024,89.38882356068095
Dominican Republic,45178796.57,2024,2.5860214581904066
East Timor,136716973.10999998,2024,7.561898637338989
Ecuador,3874763.05,2024,-24.82754413183039
Egypt,996809672.97,2024,2.8783389521993747
El Salvador,176681.76,2024,314.1140513301301
Equatorial Guinea,9116185.97,2024,-2.209737865280296
Eritrea,191500.0,2024,
Estonia,486687772.82,2024,37.28410383759943
Ethiopia,2952778.86,2024,119.64111598658833
Fiji,15345859.77,2024,44.21402743964115
Finland,3781066.2099999995,2024,-83.8783808170796
France,146030426.23,2024,51.949486050307584
French Polynesia,485994.22,2024,65.07769681401689
Gabon,2246815.45,2024,-33.432062946952676
Gambia,54297648.56,2024,2.454710228941126
Georgia,65882385.59,2024,-6.13529164198
Germany Fed. Rep. Of,398694529.1,2024,61.66347232427298
Ghana,84610439.91,2024,15.62440228808276
Greece,145490195.86,2024,17.669561329772915
Grenada,589805.75,2024,51.188763252086275
Guadeloupe,1233640.48,2024,-34.6460651716703
Guam,350679.92,2024,59.379331257480835
Guatemala,7570481.87,2024,46.227809879123896
Guinea,95127509.44000001,2024,4.047902266702037
Guinea Bissau,0.0,2024,-100.0
Guyana,1626624.5699999998,2024,4.191215035114805
Haiti,102123442.3,2024,-20.907824952132586
Honduras,44050227.46000001,2024,75.69784186980016
Hong Kong,264368940.92,2024,-21.019859203790638
Hungary,5511656.32,2024,27.125081925772527
Iceland,10163.09,2024,-98.8834804936882
India,4867234797.37,2024,-3.1716253051601204
Iran (Islamic Republic Of),105532885.88,2024,27.000288544033722
Iraq,164096535.57999998,2024,65.84662326555404
Ireland,4008718.01,2024,-2.641516836361449
Israel,78072021.33,2024,18.956091931008963
Italy,935853553.27,2024,19.71189010589794
Jamaica,8460746.129999999,2024,33.176706310773
Japan,1614259619.41,2024,-1.5165769325145482
Jordan,71043480.72,2024,37.13545148976699
Kazakhstan,18879816.35,2024,92.9088191381601
Kenya,224014111.92999998,2024,-26.374360745063218
Kiribati,1886731.46,2024,3.015205384826819
Korea Republic Of,641810154.14,2024,-16.912735405454242
Kosovo,0.0,2024,
Kuwait,23128850.84,2024,7.444423503690061
Kyrgyzstan,2621704.6999999997,2024,184.7180713505878
Lao Peoples Dem. Rep.,587396.5,2024,31.886102626814544
Latvia,66179212.11,2024,97.6727802990615
Lebanon,34096879.76,2024,13.237029394128372
Liberia,30494476.169999998,2024,21.529636732876355
Libyan Arab Jamahiriya,13827987.600000001,2024,-19.86948709566441
Lithuania,14714863.99,2024,61.27571430909834
Luxembourg,121052.66,2024,772.9549289680537
Macau,1374026.6300000001,2024,66.52369983232941
Madagascar,13979841.81,2024,68.54726523048
Malawi,466408.57,2024,84.23506524542827
Malaysia,2272249054.87,2024,-1.8494597340390286
Maldives,9637137.77,2024,2.939226789455409
Mali,159348.65000000002,2024,-80.43186448886884
Malta,1029217.24,2024,-89.39876633660391
Marshall Islands,491255.88,2024,-83.81491737932974
Martinique,3083055.7,2024,114.71098278858274
Mauritania,68999318.12,2024,-46.715415549781966
Mauritius,19323954.06,2024,21.270420650830797
Mayotte,611980.23,2024,-19.242523447047898
Mexico,219335414.9,2024,84.00010971246371
Micronesia Fed. States Of,697112.0499999999,2024,8.88624990210403
Moldova Republic Of,659994.57,2024,45.33675905169186
Mongolia,1902553.8599999999,2024,113.67523922806848
Montenegro,1983826.25,2024,40.62065982199453
Morocco,72653357.96,2024,12.694503532021024
Mozambique,24281621.09,2024,-65.08056709540637
Myanmar,542216074.12,2024,-4.53773647827629
Namibia,553145.6,2024,-23.604361498501707
Nauru,383999.46,2024,21.43604011695825
Nepal,11332540.850000001,2024,57.73023893584997
Netherlands,1419885612.07,2024,25.956490618090967
Netherlands Antilles,164338.1,2024,
New Caledonia,1111214.21,2024,20.762555140409987
New Zealand,259627461.1,2024,7.678028785479015
Nicaragua,11878710.29,2024,67.23099727007425
Niger,1387670.81,2024,-81.08810397773908
Nigeria,235719819.61,2024,4.405899057240987
Northern Mariana Islands,162967.55,2024,-10.395996597668843
Norway,4413297.21,2024,10.733097477599655
Oman,195041759.06,2024,11.926539238045818
Pakistan,2885316770.5,2024,27.74243321767654
Palau,85609.8,2024,23.38950804786562
Palestina,979270.7,2024,-56.50666424403064
Panama,5732173.79,2024,38.173819231376186
Papua New Guinea,89682811.02,2024,16.721232629301237
Paraguay,12680698.360000001,2024,10.252298358858432
Peru,45157465.94,2024,111.65515450723802
Philippines,2085886175.36,2024,12.142873443504357
Poland,40456255.81,2024,6.228812662254518
Portugal,19904712.76,2024,-15.347948777944092
Puerto Rico,19427539.19,2024,6.759375894877322
Qatar,11860739.22,2024,22.900404984752324
Rep. Of Macedonia,2092625.6600000001,2024,56.08739453256116
Reunion,3281105.4400000004,2024,-14.51459253625645
Romania,30849591.900000002,2024,43.378788880628825
Russia Federation,1082510860.99,2024,51.40287905275148
Rwanda,341571.31,2024,55.29523485466945
Saint Kitts And Nevis,0.0,2024,-100.0
Saint Lucia,613464.46,2024,11.962473479919167
Saint Vincent And The Grenadines,80093.08,2024,-22.015883455764047
Samoa,6548084.55,2024,-4.5115321113355975
San Marino,0.0,2024,
Sao Tome And Principe,126304.8,2024,-85.03319394114102
Saudi Arabia,802998873.9300001,2024,19.241270781264333
Senegal,83003166.66,2024,-51.067839776047684
Serbia,6140022.149999999,2024,3.643459231655618
Seychelles,1780983.23,2024,25.075195409886742
Sierra Leone,5128273.35,2024,-16.302140954148612
Singapore,860075273.8100001,2024,1.544674919909835
Sint Maarten (Dutch Part),883.5,2024,
Slovakia,395895.95,2024,-11.133519380958605
Slovenia,4906697.99,2024,93.28414432951745
Solomon Islands,15681823.5,2024,13.17810253809867
Somalia,45343556.489999995,2024,22.35171327576434
South Africa,356943767.83,2024,-14.714299502483197
South Sudan,66893.45,2024,
Spain,746832405.37,2024,-13.651956257858163
Sri Lanka,173142905.37,2024,45.45333963196715
Sudan,1154537.0799999998,2024,-97.24912766540204
Suriname,2731458.39,2024,25.037812440790397
Swaziland,0.0,2024,-100.0
Sweden,65358031.45,2024,18.348224797844352
Switzerland,5476264.26,2024,-32.738741466787026
Syria Arab Republic,8097535.92,2024,-6.516881919899095
Taiwan,323207875.83,2024,-0.19773803192443506
Tajikistan,1067465.6,2024,115.41157549132576
Tanzania United Rep. Of,192791721.29,2024,-2.216213082751159
Thailand,925234413.03,2024,29.883006400926316
Togo,127526708.49000001,2024,-5.459728743010578
Tonga,3706892.51,2024,-14.20671409673974
Trinidad And Tobago,7200119.569999999,2024,27.532881544621272
Tunisia,69739976.65,2024,19.670220968940598
Turkey,215990621.23999998,2024,-30.49555574032599
Turkmenistan,1393070.0,2024,11.103026705105904
Tuvalu,30096.25,2024,-40.34357265611218
U.S. Virgin Islands,0.0,2024,-100.0
Uganda,254792.34,2024,-80.58585912384807
Ukraine,18937405.69,2024,303.00195207137494
United Arab Emirates,648522028.03,2024,56.4702942047776
United Kingdom,183908466.91,2024,-0.7050089895575333
United States,5217102373.25,2024,5.455241486867796
Uruguay,14978019.440000001,2024,119.935804143594
Uzbekistan,24003596.540000003,2024,85.30161753036435
Vanuatu,3596351.46,2024,23.793435218913217
Venezuela,592106.25,2024,29.552079670734216
Viet Nam,1895825028.78,2024,27.28873984709525
Virgin Islands (British),0.0,2024,-100.0
Yemen,76661160.14,2024,-30.442182079935264
Zambia,356204.5,2024,-13.558509035618302
Zimbabwe,396398.46,2024,-89.68090796450402
Afghanistan,4352711.95,2025,120.24912315136686
Albania,11001753.65,2025,6.088226242348899
Algeria,436328789.68,2025,75.0878749423359
American Samoa,9491577.620000001,2025,249.72669551119156
Andorra,280.6,2025,
Angola,58394372.21,2025,-41.95724302243212
Antartica,0.0,2025,
Antigua And Barbuda,433889.76,2025,76.77203789032446
Argentina,20543170.54,2025,53.0775465501132
Armenia,22358259.62,2025,206.83451817615844
Aruba,944473.91,2025,25.839082741649026
Australia,469110579.9,2025,-3.031386228656407
Austria,2435294.08,2025,77.17664599654124
Azerbaijan,2534725.7800000003,2025,115.34207884406618
Bahamas,55495.0,2025,-11.352106016459642
Bahrain,12141141.78,2025,17.17328413341754
Bangladesh,1782561983.0,2025,70.6911297036728
Barbados,612429.58,2025,23.525444377155946
Belarus,1567107.19,2025,-60.05855637018067
Belgium,406303432.59000003,2025,93.90355361877137
Belize,149074.56,2025,-40.69119321993008
Benin,128390418.19,2025,391.96752041086086
Bermuda,61503.0,2025,
Bhutan,178213.85,2025,-6.686336412235475
Bolivia,719955.0,2025,-55.26534203414679
Bosnia And Herzegovina,1498170.32,2025,80.50217417742233
Botswana,18900.02,2025,
Brazil,785581032.76,2025,54.77470895707312
Brunei Darussalam,27115547.009999998,2025,10.911552555590703
Bulgaria,14506014.360000001,2025,23.516898534857905
Burkina Faso,3071465.36,2025,-62.66221159039754
Cambodia,360870575.46,2025,13.39005141499269
Cameroon,46402768.43,2025,32.530338232400396
Canada,264963774.41,2025,20.343027081271302
Cape Verde,224759.33,2025,-20.9701245012578
Cayman Islands,0.0,2025,-100.0
Central African Republic,49.44,2025,-99.96223977984204
Chad,9975839.03,2025,24765.002567298103
Chile,35509554.32,2025,10.756497921691711
China,10521615737.78,2025,22.672249544495713
Christmas Islands,4049.79,2025,15.994294503303848
Colombia,8943037.41,2025,11.54129822677018
Comoros,5566126.3,2025,168.39922326082177
Congo,123783778.78999999,2025,42.30491281184724
Cook Islands,168013.81,2025,19.04671682325572
Costa Rica,5593214.88,2025,-6.225031487680254
Cote Divoire,139002520.68,2025,52.98069436267031
Croatia,47723044.3,2025,-10.80316226728496
Cuba,274755.8,2025,-44.77528992109515
Curacao,670637.12,2025,1411.7773243247875
Cyprus,2966399.3800000004,2025,-5.082689604526572
Czech Republic,7854665.42,2025,94.23046505212477
Democratic Rep. Of The Congo,15875917.81,2025,33.98787076200706
Denmark,77859132.16000001,2025,34.492797435713044
Djibouti,270144535.52,2025,3.6215463134646466
Dominica,449209.36,2025,-5.128636510225807
Dominican Republic,35983665.9,2025,-20.35275697473055
East Timor,152085121.41,2025,11.240848850299722
Ecuador,9031441.81,2025,133.08371875797673
Egypt,1488232964.53,2025,49.29961103766193
El Salvador,288323.0,2025,63.18775633659071
Equatorial Guinea,20282428.71,2025,122.48809728922193
Eritrea,0.0,2025,-100.0
Estonia,413081201.83,2025,-15.12398196558416
Ethiopia,2159712.2800000003,2025,-26.85831271495894
Fiji,14846862.58,2025,-3.2516730732513364
Finland,5894569.67,2025,55.89702328962921
France,234816596.3,2025,60.79977465118163
French Polynesia,631709.46,2025,29.98291625772833
Gabon,6963138.79,2025,209.91147003195118
Gambia,53528483.54,2025,-1.4165715098142055
Georgia,120833628.22,2025,83.40809480089743
Germany Fed. Rep. Of,563290431.89,2025,41.28371241048965
Ghana,172809370.73000002,2025,104.24119164705571
Greece,162430273.57,2025,11.643449656429636
Grenada,332874.5,2025,-43.56201173013318
Guadeloupe,3520675.96,2025,185.38914027853562
Guam,440788.80000000005,2025,25.69547751693341
Guatemala,587460.03,2025,-92.24012367920776
Guinea,16286125.379999999,2025,-82.87968908691741
Guinea Bissau,0.0,2025,
Guyana,3948153.58,2025,142.7206408175674
Haiti,100712509.60000001,2025,-1.3815953205486378
Honduras,46794624.68,2025,6.230154481022947
Hong Kong,272005127.18,2025,2.888458165102983
Hungary,8186704.100000001,2025,48.53437196896921
Iceland,98404.09,2025,868.249715391677
India,4670689250.490001,2025,-4.038135718995972
Iran (Islamic Republic Of),143034509.71,2025,35.5354859457199
Iraq,206442097.93,2025,25.805275047598926
Ireland,6727158.26,2025,67.81320719538465
Israel,100372540.36999999,2025,28.56403441347916
Italy,740238949.12,2025,-20.90226654229135
Jamaica,5596804.29,2025,-33.84975504518535
Japan,1776873024.8899999,2025,10.073559638407716
Jordan,88081263.18,2025,23.98218990304
Kazakhstan,15648740.93,2025,-17.113913398845117
Kenya,353485192.15000004,2025,57.79594825724963
Kiribati,2685237.49,2025,42.32218770550422
Korea Republic Of,718735908.14,2025,11.985748979474693
Kosovo,28500.0,2025,
Kuwait,23253713.79,2025,0.5398579932214187
Kyrgyzstan,2850590.12,2025,8.73040430525987
Lao Peoples Dem. Rep.,439905.06,2025,-25.109349476886567
Latvia,84235859.29,2025,27.28446985737317
Lebanon,61561907.21,2025,80.54997302779591
Liberia,35568272.03,2025,16.63840963102533
Libyan Arab Jamahiriya,18087388.9,2025,30.80275614363435
Lithuania,28103240.16,2025,90.98538850986688
Luxembourg,1180.0,2025,-99.0252176201663
Macau,6970117.32,2025,407.2767272349008
Madagascar,8817291.049999999,2025,-36.92853488733434
Malawi,460735.32,2025,-1.2163691589114667
Malaysia,2845589070.33,2025,25.232269949950627
Maldives,9422385.88,2025,-2.2283783331240965
Mali,341307.27,2025,114.1889937567717
Malta,1334460.41,2025,29.657797998020314
Marshall Islands,652361.3,2025,32.79460390377415
Martinique,3643182.99,2025,18.167926385501243
Mauritania,152811589.69,2025,121.4682606344574
Mauritius,16615684.67,2025,-14.015089156137226
Mayotte,1313430.1800000002,2025,114.6197075680043
Mexico,331223428.67,2025,51.01228810724082
Micronesia Fed. States Of,929171.37,2025,33.28866858634851
Moldova Republic Of,184811.36,2025,-71.99804840818615
Mongolia,35906028.82,2025,1787.2542625416133
Montenegro,1475908.33,2025,-25.6029438061927
Morocco,86525974.4,2025,19.09425363055857
Mozambique,52933309.550000004,2025,117.99742839986803
Myanmar,665639955.91,2025,22.7628592513258
Namibia,535409.87,2025,-3.206340247486373
Nauru,470016.63,2025,22.40033618797276
Nepal,12442708.59,2025,9.7962827109509
Netherlands,1704912328.82,2025,20.073921048785742
Netherlands Antilles,196465.8,2025,19.549757481679524
New Caledonia,1525499.83,2025,37.28224641763717
New Zealand,329074565.82,2025,26.748751625026003
Nicaragua,9251461.34,2025,-22.117291236673466
Niger,0.0,2025,-100.0
Nigeria,373519462.01,2025,58.45908189985482
Northern Mariana Islands,184348.94,2025,13.120029110089718
Norway,7252762.239999999,2025,64.33885811193757
Oman,238473974.14,2025,22.26816210503879
Pakistan,3447550686.95,2025,19.48603779655603
Palau,144324.76,2025,68.58439103934363
Palestina,684003.03,2025,-30.151792553376705
Panama,4815359.76,2025,-15.994177140955113
Papua New Guinea,105089392.28999999,2025,17.178967847656114
Paraguay,11426046.48,2025,-9.894185985510665
Peru,30467728.41,2025,-32.53003069197465
Philippines,2469155233.42,2025,18.3743994560898
Poland,92007483.93,2025,127.42461477924888
Portugal,28170378.58,2025,41.52617482936235
Puerto Rico,21083991.06,2025,8.526308215363827
Qatar,13630504.040000001,2025,14.921201682065144
Rep. Of Macedonia,2373443.86,2025,13.419418741142634
Reunion,5995809.3100000005,2025,82.73747734239225
Romania,22433536.05,2025,-27.280930902687246
Russia Federation,1301888461.9299998,2025,20.265625856111054
Rwanda,556027.12,2025,62.7850770019297
Saint Kitts And Nevis,0.0,2025,
Saint Lucia,601705.2,2025,-1.916860839827626
Saint Vincent And The Grenadines,144084.65000000002,2025,79.89650291885394
Samoa,7497098.09,2025,14.492994596412167
San Marino,3924.0,2025,
Sao Tome And Principe,186647.2,2025,47.77522311107734
Saudi Arabia,987569719.38,2025,22.9851935590746
Senegal,192819801.69,2025,132.30415109321564
Serbia,12500826.94,2025,103.59579549725242
Seychelles,1358238.59,2025,-23.73658734563154
Sierra Leone,8260159.13,2025,61.07096026774783
Singapore,984188263.9,2025,14.43047996720085
Sint Maarten (Dutch Part),193284.14,2025,21777.095642331635
Slovakia,749603.75,2025,89.34362677870283
Slovenia,8058319.93,2025,64.2310153676281
Solomon Islands,20363983.39,2025,29.857241346964532
Somalia,100867226.41,2025,122.45106960731039
South Africa,464550194.1,2025,30.146604582615733
South Sudan,127664.46,2025,90.84747460326835
Spain,648070214.37,2025,-13.224143769052263
Sri Lanka,165922371.19,2025,-4.170274354915087
Sudan,2337713.9299999997,2025,102.4806279933426
Suriname,1992875.81,2025,-27.039862027698693
Swaziland,81360.0,2025,
Sweden,39341468.94,2025,-39.806221106740516
Switzerland,7767490.24,2025,41.83921504182489
Syria Arab Republic,22936090.84,2025,183.24778138187006
Taiwan,335366823.46,2025,3.7619589556027178
Tajikistan,1601215.1,2025,50.00156445322453
Tanzania United Rep. Of,223853008.2,2025,16.11131780045533
Thailand,1085875905.52,2025,17.362247904714646
Togo,247550197.52,2025,94.11635448852789
Tonga,4020812.83,2025,8.46855740092664
Trinidad And Tobago,9163640.42,2025,27.270670034164457
Tunisia,91619803.19,2025,31.37343542543327
Turkey,353613578.27,2025,63.717098566552565
Turkmenistan,4341235.22,2025,211.63080247223758
Tuvalu,117349.95999999999,2025,289.9155542634049
U.S. Virgin Islands,0.0,2025,
Uganda,8227378.57,2025,3129.052557074518
Ukraine,51892311.949999996,2025,174.02017361544938
United Arab Emirates,736111678.76,2025,13.506040958403375
United Kingdom,207358536.1,2025,12.750945937402571
United States,5950268780.57,2025,14.053134381246057
Uruguay,40144480.46,2025,168.02262222194042
Uzbekistan,68527297.38,2025,185.4876237642344
Vanuatu,4803009.24,2025,33.552276339532185
Venezuela,732332.6,2025,23.682632973389484
Viet Nam,2250596294.77,2025,18.713291606784104
Virgin Islands (British),0.0,2025,
Yemen,71488887.8,2025,-6.746926775637502
Zambia,57592.1,2025,-83.83173149132031
Zimbabwe,2462784.29,2025,521.2900751430769
